{"sane": true, "normalizes": true, "range": true, "log_prob": -1647.9184330021592, "avg_log_prob": -3.2958368660043185, "perplexity": 26.999999999999712}