{"sane": true, "normalizes": true, "range": true, "log_prob": -961.2104158299771, "avg_log_prob": -1.9224208316599543, "perplexity": 6.837490864503409}