{"sane": true, "normalizes": true, "range": true, "log_prob": -1548.9606658108532, "avg_log_prob": -3.0979213316217065, "perplexity": 22.151857025982864}