{"eval_loss": 2.7286224365234375, "eval_accuracy": 0.4446893036365509, "eval_runtime": 229.8498, "eval_samples_per_second": 19.743, "eval_steps_per_second": 2.471}