{"eval_loss": 0.389108270406723, "eval_accuracy": 0.892806351184845, "eval_runtime": 415.2815, "eval_samples_per_second": 23.7, "eval_steps_per_second": 2.964}