{"eval_loss": 1.4772765636444092, "eval_accuracy": 0.4409431517124176, "eval_runtime": 218.7639, "eval_samples_per_second": 20.744, "eval_steps_per_second": 2.596}