{"eval_loss": 1.139076828956604, "eval_accuracy": 0.7475978136062622, "eval_runtime": 684.4412, "eval_samples_per_second": 20.984, "eval_steps_per_second": 2.624}